{
	"task": "SweWinogender",
	"model": "xlm-roberta-base",
	"metric": "parity",
	"direction": "max",
	"parity": 0.9807692307692307,
	"krippendorff_nominal": -0.3106407322654463,
	"accuracy": 0.4935897435897436,
	"hyperparameters": {
		"learning_rate": 1e-05,
		"hps_analysis": {
			"metrics": [
				0.7154810340558422,
				0.7121971910534015
			],
			"std": 0.0016419215012203336
		},
		"batch_size": 128,
		"num_train_epochs": 10,
		"warmup_ratio": 0.06,
		"weight_decay": 0.1,
		"fp16": true
	}
}